id,state,age,health,mobility,x,y,connections,size
0,Recovered,39.832673191617644,0.3935523800653288,1.1025593254394748,-0.023578638210892677,0.06070057302713394,22,44
1,Recovered,41.38326459708794,0.10813002353369483,3.4740526064413455,-0.130014106631279,-0.0513942576944828,27,54
2,Recovered,20.09227510706425,0.6514412983457982,1.751039809358701,-0.1365557163953781,0.08232179284095764,33,66
3,Recovered,35.98133478192032,0.3905413597435654,2.8307162725962303,-0.14254939556121826,0.11403467506170273,21,42
4,Recovered,28.65259163390323,0.5461849303190314,4.484558209560789,-0.028594542294740677,-0.0003624466189648956,64,128
5,Recovered,22.061491287926668,0.8289026786759249,1.3552077141975647,-0.282817542552948,-0.040594618767499924,21,42
6,Recovered,59.158738458715845,0.437303330340468,1.5795944177454706,-0.03599885106086731,-0.1236533597111702,51,102
7,Recovered,28.744119943799845,0.9875256029443625,2.336387001580735,-0.1784263402223587,-0.11061049997806549,24,48
8,Recovered,46.73227137107975,0.7896015083482213,3.573827920273539,0.05736083164811134,0.17813770473003387,38,76
9,Recovered,44.442927160940755,0.054844139483037235,0.5672960990882342,-0.3522091805934906,0.09864328801631927,7,14
10,Recovered,29.4895865186771,0.6695518570228326,1.6259733376587162,-0.17893654108047485,-0.019240614026784897,19,38
11,Recovered,42.53314616635283,0.5971699124666383,2.776536334397462,-0.3146524727344513,0.0971781462430954,13,26
12,Recovered,35.46998500916463,0.6179383205966779,0.3023217396012672,0.0012593280989676714,0.10572610795497894,20,40
13,Recovered,62.03059426200654,0.7426870948836133,1.5699257816314969,-0.07743421941995621,-0.2775562107563019,11,22
14,Recovered,32.00059557175155,0.25140040005941733,3.118343831146956,0.035246193408966064,0.28661611676216125,11,22
15,Recovered,45.72418438903067,0.9910541315412318,2.2229098908775424,-0.030173679813742638,-0.15912875533103943,28,56
16,Recovered,50.912243611211,0.13033454845559267,0.441273631228154,-0.03751436248421669,0.17909815907478333,28,56
17,Recovered,24.623429275061643,0.43660849644262134,2.06861285410935,0.12533923983573914,0.09958070516586304,36,72
18,Recovered,33.7710631288397,0.0779367922054699,3.9011474879223047,0.293167382478714,-0.1051119714975357,14,28
19,Recovered,49.2971490739946,0.722360154545111,0.8141711668645617,-0.04432792589068413,-0.3699980080127716,7,14
20,Recovered,70.71983738023643,0.36323027583845535,2.2502850429615777,0.0713464543223381,0.19928014278411865,17,34
21,Recovered,7.476296126227858,0.5443880251036419,3.8471490560288952,-0.4605028033256531,0.040223538875579834,14,28
22,Recovered,40.1979642012735,0.24207153287468874,3.5200456944738376,0.060324810445308685,0.05923639237880707,18,36
23,Recovered,40.548141096930834,0.5730136415230573,2.425650453147904,-0.08671577274799347,0.05422918498516083,24,48
24,Recovered,39.31151619981035,0.522035443512974,6.124781137391126,-0.11974110454320908,-0.17208915948867798,28,56
25,Recovered,63.42046542121909,0.4682425844369885,1.6486872576312304,0.1436634212732315,0.26514601707458496,13,26
26,Recovered,26.215889840212345,0.16608512102328643,0.7726888584157947,0.11856705695390701,0.36476436257362366,16,32
27,Recovered,26.435508011674187,0.681748298059217,0.9056124820610364,0.1636379212141037,0.0844419002532959,8,16
28,Recovered,30.97850767895455,0.17584783460688314,3.520548975598848,-0.2905663847923279,0.021480659022927284,10,20
29,Recovered,28.854045856778114,0.8728736599702689,1.2365239790280973,-0.22054755687713623,0.3510063886642456,8,16
30,Recovered,36.124833012489496,0.5856743420687486,1.1872522879689607,-0.015796171501278877,-0.1552734076976776,11,22
31,Recovered,37.47599314888353,0.6340000000662791,1.3915338982740153,0.16584715247154236,-0.25206589698791504,10,20
32,Susceptible,33.11634957970187,0.9863124280323375,1.5400853456330843,-0.1765519678592682,0.2440200001001358,12,24
33,Recovered,29.93326401898664,0.765227392274887,1.1815396942126304,-0.2719021141529083,0.15158388018608093,11,22
34,Recovered,52.28532764768153,0.1165242005220819,2.5045535569131756,-0.10081532597541809,-0.2799123525619507,8,16
35,Recovered,37.02543462240658,0.40051849472369816,1.4745397192996825,0.043329641222953796,-0.11729992926120758,18,36
36,Recovered,50.617193821513496,0.49509464401719017,0.8467016620619713,-0.1785719394683838,0.08376894146203995,15,30
37,Recovered,10.802620983513087,0.4400651639587233,3.0292661751416223,0.09668593108654022,0.047384437173604965,9,18
38,Recovered,25.941175075558697,0.2371657428618098,1.6470970514224714,0.033028457313776016,-0.3239114582538605,4,8
39,Recovered,0.11166389609662275,0.12142478335709217,1.9785000857691368,-0.09006138145923615,-0.3559682071208954,12,24
40,Recovered,53.01383190570317,0.9439342801363727,1.0922107852645266,-0.147891104221344,-0.3387245237827301,4,8
41,Recovered,28.828652509493118,0.37324052554234355,5.138373479996611,0.13327623903751373,-0.38135847449302673,8,16
42,Recovered,37.26754562979328,0.5869142430336775,0.3981550897472321,0.22547273337841034,0.4007372558116913,13,26
43,Recovered,15.935992299449488,0.003969523061090441,3.3007620214604123,0.18388384580612183,0.043528854846954346,13,26
44,Recovered,19.118000369606783,0.7410115070622518,1.7092688263442612,0.31532207131385803,0.019587228074669838,9,18
45,Recovered,47.204108606756236,0.3433047735666769,0.8274212226299875,-0.21619783341884613,-0.11288628727197647,10,20
46,Recovered,47.69682428019292,0.24967392776587827,0.8818431303853552,0.03128032758831978,0.22535507380962372,8,16
47,Recovered,15.714856445018519,0.6348948571490566,6.374263803419005,-0.10691401362419128,0.02231961116194725,8,16
48,Recovered,34.24928545261801,0.444144873333322,1.4259282811778635,0.22038613259792328,-0.1491830050945282,11,22
49,Recovered,58.00414891582971,0.9800679265746528,1.327292816523792,-0.2763758599758148,-0.027666237205266953,7,14
50,Recovered,33.396582422007654,0.35035821959010893,2.2254596286625574,0.458658903837204,0.07409214228391647,3,6
51,Deceased,16.896037686946716,0.16664679570435303,2.02424104942556,-0.302259236574173,-0.06248360127210617,13,26
52,Recovered,44.66191648701604,0.479047235759969,2.3575302787973778,-0.02822190150618553,-0.04172118008136749,8,16
53,Recovered,79.32692616856272,0.04476204822944152,0.28641999792582384,0.4531811773777008,-0.10349685698747635,6,12
54,Recovered,50.430760560629416,0.3091034616617212,2.3790186650153085,-0.09650188684463501,-0.15040364861488342,27,54
55,Recovered,38.8112022652636,0.10253607820606447,2.665084721980053,0.3525860607624054,-0.2586076855659485,10,20
56,Recovered,45.78016078441637,0.45234974635913494,0.6162799592617392,0.000280290434602648,0.08547251671552658,9,18
57,Recovered,40.259763705653114,0.11701541846853081,2.006001654668256,-0.2556484043598175,0.22489896416664124,4,8
58,Recovered,57.842756260917014,0.19157822115571777,0.2708169787541189,0.05847755819559097,-0.3108636140823364,11,22
59,Recovered,9.762886692183038,0.0638523102357158,2.9360211874381354,0.16096167266368866,-0.17672839760780334,12,24
60,Recovered,44.8995544181066,0.3662628856697574,0.9446463337767175,0.22731122374534607,0.006066603120416403,12,24
61,Recovered,22.491038637248423,0.07489421930561857,3.436855038805924,0.26112526655197144,0.09612798690795898,8,16
62,Recovered,56.25906885508137,0.9413580626886602,0.8407269360545679,0.20067475736141205,-0.03606943413615227,9,18
63,Recovered,53.17152472549337,0.7096721668501825,5.568565459658945,0.29916849732398987,0.24262981116771698,8,16
64,Recovered,1.281268937334417,0.26467654956735276,0.7619728158933613,-0.3875272572040558,0.15033306181430817,13,26
65,Recovered,69.82363024892514,0.28718371930925524,0.6015141510954417,0.30210644006729126,0.1359214335680008,11,22
66,Recovered,50.62046886340677,0.10182491028985119,0.5302601749480093,0.03755040466785431,-0.04727829247713089,4,8
67,Recovered,51.44818256250879,0.7591589421642652,1.5778386465843384,0.33871617913246155,-0.07947397232055664,12,24
68,Recovered,46.666257381232775,0.5086083150519586,0.4474938780095624,-0.0765770971775055,0.21434903144836426,6,12
69,Recovered,32.40806940041182,0.827152094626081,4.281001103690451,-0.02172526717185974,0.41161078214645386,5,10
70,Recovered,43.49746502975304,0.8720204412790324,4.821588736315215,-0.28410643339157104,-0.3254455029964447,3,6
71,Recovered,35.65847276402532,0.3286282853903064,0.14703395513682027,0.2614820897579193,-0.06626380234956741,16,32
72,Recovered,30.553489073506007,0.20817512513662706,2.045630767272812,0.022081658244132996,-0.4188954532146454,8,16
73,Recovered,86.84221428193504,0.8531268147906712,0.5090122792532804,-0.03660650923848152,-0.3365743160247803,15,30
74,Recovered,17.86607469172293,0.3183086657673061,3.9368572035043337,-0.40923914313316345,-0.051154863089323044,4,8
75,Recovered,-5.2036389954036295,0.0217071828229205,3.2287417181433504,0.3186599016189575,0.283649742603302,4,8
76,Recovered,54.50812038718595,0.06764952726476081,2.281803004533719,-0.259054034948349,-0.010946079157292843,11,22
77,Recovered,-0.6674801345413854,0.7838345389699388,0.3420386486107504,0.24456091225147247,-0.3323640823364258,10,20
78,Recovered,41.80513500338536,0.5087468423757617,1.2912008691155297,0.17675340175628662,-0.31102824211120605,7,14
79,Recovered,53.5276433327202,0.31281946306190467,5.459085487306367,-0.3803727328777313,-0.01823650859296322,6,12
80,Recovered,64.75496416284807,0.8619177499811659,3.2652036611210207,-0.001051418948918581,-0.3110520541667938,10,20
81,Recovered,31.80461916215816,0.33252029402683625,2.463277666803575,-0.07940734922885895,0.0857255756855011,9,18
82,Recovered,50.56079744469004,0.9141370269385183,2.720887098250602,-0.17694561183452606,0.4478462040424347,5,10
83,Recovered,46.29253093117986,0.12703056209847086,0.9165625795130444,-0.03347329795360565,0.12844066321849823,15,30
84,Susceptible,79.86285250223423,0.9817704693596245,1.6962883299472595,-0.13587604463100433,0.4910513460636139,6,12
85,Recovered,27.451987236989957,0.4779445108681758,1.8410187749024842,0.18121527135372162,-0.04841240867972374,9,18
86,Recovered,18.94411654537477,0.4039649783190302,8.493904226577238,-0.29969751834869385,0.46181753277778625,4,8
87,Recovered,59.645705308625395,0.24986252144303844,1.1701628548405079,0.13079896569252014,-0.14502373337745667,4,8
88,Recovered,32.94474161857498,0.3777272206547809,0.5297115941407158,-0.019928205758333206,0.09379175305366516,12,24
89,Susceptible,71.7922605254031,0.9927066126504712,0.70645934813742,-0.33290421962738037,-0.2228804975748062,4,8
90,Recovered,61.14912751302451,0.6479269409310897,2.963686862700766,-0.4019695222377777,-0.3786976933479309,3,6
91,Recovered,24.649387533954048,0.07210525256238742,1.8215520792357165,-0.259827196598053,-0.23434746265411377,7,14
92,Recovered,23.331356147684055,0.1786454844615265,0.5668169675729919,0.1255413293838501,0.005578823387622833,16,32
93,Recovered,10.971416806239585,0.4690772244659053,0.5451501596675212,0.19945813715457916,0.26558414101600647,11,22
94,Recovered,48.47710826054698,0.9924989902400374,0.6444424428587926,-0.15502400696277618,-0.14826339483261108,7,14
95,Recovered,22.053824965629303,0.5223630037258201,1.8744364732500216,-0.007202996406704187,0.5824902057647705,4,8
96,Recovered,30.867026513975382,0.09199431197928676,2.2277782537198485,-0.007077003829181194,0.21120670437812805,14,28
97,Recovered,53.462198244814246,0.9026459509440944,1.812805357727939,0.0820738896727562,-0.15377816557884216,5,10
98,Deceased,25.104908430608162,0.9029391047192609,1.5769498125445607,0.10167994350194931,0.2363913506269455,7,14
99,Recovered,-0.7506967974853893,0.6757377411407276,1.1942276927824707,0.3723641037940979,-0.20814701914787292,6,12
100,Recovered,58.19798130057245,0.724341599434673,1.2689821809358346,-0.1214231476187706,-0.5573475360870361,6,12
101,Recovered,26.764112435123977,0.5562151424455293,0.6293039104588,-0.4317070543766022,0.07442652434110641,4,8
102,Recovered,30.665444807203023,0.3272454765309091,0.9081772937633897,0.2710047662258148,-0.36642375588417053,15,30
103,Recovered,55.49045375040403,0.3670084831169359,0.9572932139968732,-0.10408370196819305,-0.4527016878128052,7,14
104,Recovered,61.29131805158488,0.7374711092457773,4.425462544702063,-0.2497498244047165,-0.13402877748012543,7,14
105,Recovered,30.775803649563734,0.323151807860786,1.7198067863858477,-0.06634505838155746,0.25952112674713135,4,8
106,Recovered,53.36873980578693,0.09500375235992486,1.9188814002648755,-0.13462744653224945,-0.24133522808551788,5,10
107,Recovered,24.58487714680361,0.6519336820798182,3.8674664949484217,0.21378952264785767,-0.41386857628822327,5,10
108,Recovered,62.26724431744812,0.11266932767820792,1.4464864597979261,0.014926215633749962,-0.2631358802318573,3,6
109,Recovered,1.2234554725754876,0.9586764751056585,1.6673348765214502,0.2354554831981659,-0.6216205358505249,4,8
110,Recovered,43.28114908361839,0.9035670172200967,1.278117088837694,0.000986773520708084,0.3479687571525574,4,8
111,Susceptible,58.21839811268842,0.9936451072209517,2.075958548338537,-0.1560310423374176,-0.3868802785873413,5,10
112,Susceptible,28.733029930840182,0.9852050894601398,1.3788612521265362,0.45090624690055847,-0.1654423624277115,3,6
113,Recovered,57.17441944524671,0.2722642367567245,3.5007539938632837,0.15382236242294312,-0.21380332112312317,10,20
114,Deceased,18.42809006009946,0.024282430591281212,1.5329025940458276,-0.5098266005516052,0.20415087044239044,6,12
115,Recovered,37.135138570181454,0.42369616354275996,1.7638873110499447,-0.3228760063648224,0.12744255363941193,3,6
116,Recovered,37.193436833590894,0.7370887569363207,1.090610169528189,0.09396757930517197,-0.34450316429138184,8,16
117,Recovered,52.68364229435615,0.43549769466179045,1.5147738815190757,0.18938711285591125,0.20787584781646729,7,14
118,Recovered,66.22699542064234,0.025251967866328662,5.18221069593488,-0.42590007185935974,-0.3100857138633728,5,10
119,Recovered,64.79810211963635,0.5645749329611323,0.5248563590274837,-4.407648157211952e-05,0.011608725413680077,7,14
120,Recovered,37.308908482688885,0.8503901827777977,1.444956915904826,0.18980772793293,0.14194029569625854,5,10
121,Recovered,44.09222517689757,0.33222613884038954,0.9111667873384723,-0.30564558506011963,0.2048739641904831,6,12
122,Recovered,21.11335119176456,0.560763570345599,2.9330571471100204,-0.08586829900741577,-0.19874858856201172,5,10
123,Recovered,25.724099891646993,0.7328109784163195,3.440519875304999,-0.00978162046521902,-0.2456914186477661,13,26
124,Recovered,50.83704395330603,0.3985154955740452,0.6265424826244879,0.2534823417663574,0.11412330716848373,8,16
125,Recovered,65.72127870178572,0.3345891724920762,3.5978305611388626,0.20446425676345825,0.40798714756965637,4,8
126,Recovered,21.31846856955797,0.816384588155218,3.9656501628676666,-0.17639179527759552,-0.07604248821735382,4,8
127,Recovered,33.44593374334076,0.57041303141262,2.852666687105585,0.23564498126506805,0.12965430319309235,4,8
128,Recovered,52.10646996715661,0.5178424028954033,3.016518177959271,0.1379803717136383,-0.31653347611427307,4,8
129,Recovered,42.1122045490269,0.9364680054406681,2.1832183981638478,-0.2605486810207367,0.49720022082328796,3,6
130,Recovered,35.35987035876992,0.34213156278098755,2.0039126139596255,-0.1872427761554718,0.01888272538781166,5,10
131,Recovered,45.74787917263418,0.08503228716808942,1.5005428586083676,0.3496157228946686,-0.025014452636241913,9,18
132,Recovered,45.91520980080121,0.5202265669100933,0.29349153014591567,0.3248230516910553,0.4425071179866791,9,18
133,Recovered,33.57144822558532,0.4443492897361919,2.757932904119775,-0.1987869143486023,0.3810485601425171,4,8
134,Recovered,21.494922191749318,0.0778491874426227,3.623124587016599,-0.31004926562309265,-0.4992503523826599,6,12
135,Recovered,26.715769454348056,0.5974486200872725,1.1800086043884659,0.35076436400413513,-0.40770164132118225,4,8
136,Recovered,14.455345693433895,0.15429204899119864,3.4542608243999884,0.16843092441558838,0.3665280342102051,8,16
137,Recovered,56.212655060733276,0.4330620183314148,1.183254511091702,0.03132464736700058,-0.08557391911745071,9,18
138,Recovered,30.032759081988253,0.20750368869325808,2.2106484752988873,0.05232580006122589,0.5641517639160156,3,6
139,Recovered,75.91384165103334,0.1561095864579375,2.213595722079466,0.10209827870130539,0.28441253304481506,5,10
140,Recovered,55.601632345197054,0.38492548570311413,0.9914092807955982,0.24337810277938843,0.4637601375579834,7,14
141,Recovered,28.42342512705497,0.3504087049291048,3.2759904139692133,0.10769977420568466,0.17268049716949463,4,8
142,Recovered,50.28638924894669,0.32580651578455255,2.9916874747560227,0.22580184042453766,-0.08842629939317703,7,14
143,Recovered,42.99815158361013,0.13384520760496632,0.23738999770510344,-0.23340296745300293,-0.452936053276062,13,26
144,Recovered,37.463855787840586,0.8154399530103021,6.793539981866629,-0.13825064897537231,0.17978695034980774,9,18
145,Recovered,46.059599107655295,0.829365204226332,0.40359766753659077,-0.4214833676815033,-0.23067741096019745,3,6
146,Recovered,35.93678716331125,0.3660236143453386,2.953262918414228,0.36966902017593384,-0.009309072978794575,3,6
147,Recovered,43.66411452429466,0.3734040407628728,0.6192822430181527,-0.3666329085826874,-0.19959336519241333,10,20
148,Recovered,18.405956238949802,0.3291739439367052,1.9599828490277913,0.0762687474489212,-0.1989460587501526,5,10
149,Recovered,60.20496584837153,0.2263413188538187,2.0428653695128385,0.09633632004261017,-0.6881383061408997,7,14
150,Recovered,42.816509739090996,0.35131993191944855,1.7742711562317581,-0.207747682929039,-0.16785632073879242,15,30
151,Recovered,41.22600085299818,0.6193832574097289,1.6295678820947783,-0.2643204927444458,-0.16515019536018372,8,16
152,Recovered,31.808051861765133,0.6177345946377182,0.5954821241627949,0.5286335349082947,-0.08200498670339584,7,14
153,Recovered,25.2447347878272,0.5422561335050529,1.370161209373422,0.6456475257873535,-0.06049212068319321,5,10
154,Recovered,18.302620671146215,0.8731047267351919,1.2219301204807334,-0.04744482412934303,0.19234472513198853,5,10
155,Recovered,71.71857130098712,0.592627739089372,2.4651301798671263,-0.17958593368530273,-0.4706636667251587,3,6
156,Recovered,36.12828207377028,0.24964223102979322,6.484697576566685,-0.30014553666114807,-0.3801165223121643,3,6
157,Deceased,35.538236469584504,0.08124381862947005,2.423803449946362,0.04171326383948326,-0.16705694794654846,6,12
158,Recovered,41.85289754166146,0.20876506371874737,1.391183650631556,-0.5542426109313965,0.1760498583316803,3,6
159,Recovered,64.9331134689577,0.851376534737257,1.3275143857782892,0.10593995451927185,0.43542346358299255,7,14
160,Recovered,27.810119644388088,0.6578271522869847,0.759396881055454,-0.5442121624946594,-0.20017175376415253,5,10
161,Recovered,22.760769633975723,0.2574108650798985,3.14985775122098,-0.4987497925758362,0.3019295334815979,6,12
162,Recovered,65.05306048458422,0.6570404302991749,0.6938693465636175,0.4275602102279663,-0.11954105645418167,8,16
163,Recovered,44.741734518049896,0.7095162858664975,7.005948292392016,-0.2983539402484894,0.30025774240493774,5,10
164,Recovered,71.69255844106726,0.4070337507971614,3.6338882329905973,0.3683362901210785,0.0792214497923851,8,16
165,Recovered,41.014639823043375,0.884798585917299,1.228745642937049,0.027197467163205147,0.33921679854393005,8,16
166,Recovered,49.698564136418916,0.18684986098091028,3.8278341426574958,0.09137900173664093,-0.5882067084312439,4,8
167,Recovered,38.20509323357507,0.31243385107834754,1.2888301229702022,-0.03634210675954819,-0.8059225678443909,5,10
168,Recovered,21.23701861122243,0.28692286938129885,0.48141982298096153,0.05214061960577965,-0.3528675436973572,5,10
169,Recovered,37.889961070303585,0.9226620702964481,1.3100492053347808,-0.44206905364990234,-0.07940573245286942,7,14
170,Recovered,33.29023654119571,0.7520999476471566,0.44071410728115706,0.5294524431228638,0.12758192420005798,7,14
171,Recovered,39.903850421408855,0.7344561380219209,1.3695710244861994,0.25185662508010864,-0.033043328672647476,9,18
172,Recovered,28.242667560818177,0.6949638503377017,0.6866169352557454,-0.23028306663036346,0.21929530799388885,4,8
173,Recovered,56.250710813753116,0.5167032100965061,4.630931745012154,0.21912163496017456,0.22053591907024384,6,12
174,Recovered,48.80572229599162,0.8812632237850293,2.3090071085897192,0.41237956285476685,-0.1486058086156845,5,10
175,Susceptible,37.87866940688275,0.9319799149673971,1.3622973913913643,0.1984928846359253,-0.22539278864860535,5,10
176,Recovered,37.22295171230473,0.36772879734512554,1.6283162713838595,0.24492551386356354,-0.1738724261522293,5,10
177,Deceased,57.63798857585692,0.1819977549050863,6.703160551112674,-0.4585982859134674,-0.1838635802268982,3,6
178,Recovered,20.601497412576265,0.7180470311843185,2.927809354414496,-0.2803531587123871,0.11798836290836334,4,8
179,Recovered,76.60233947763153,0.883352405014372,0.9077967257758232,-0.36432966589927673,0.038857944309711456,4,8
180,Recovered,9.579551784655319,0.7671909269064384,0.5250054470894254,0.14568351209163666,-0.4656563997268677,3,6
181,Recovered,41.922765428412944,0.33160692738675956,2.2691668513809056,-0.30274343490600586,-0.10690861195325851,5,10
182,Recovered,37.393848128404336,0.5818095964012188,1.3012744873803002,0.3478947579860687,0.27589383721351624,6,12
183,Recovered,16.429252242558192,0.31984396349695066,4.127040303736414,-0.3812950849533081,0.1129184290766716,3,6
184,Recovered,57.55623983570712,0.7664778880881018,2.0769817041799206,-0.02896040678024292,0.4329735338687897,4,8
185,Recovered,37.92724842809284,0.3853409238409077,1.782264840517599,-0.170948326587677,-0.5747226476669312,3,6
186,Recovered,32.454093289413805,0.7063087892129227,0.2990231902576123,0.6716280579566956,0.31066232919692993,4,8
187,Recovered,27.4497818616396,0.40575155526034656,0.27848457786844966,0.17206427454948425,-0.5712925791740417,3,6
188,Recovered,2.315465115578718,0.34132420424420506,2.3763862252877384,-0.2064443975687027,-0.39971432089805603,6,12
189,Recovered,24.902501768287227,0.8225212663282133,2.424758302998296,0.3041292726993561,-0.16770590841770172,7,14
190,Recovered,25.77702553476709,0.5623337097043328,2.138466776219301,-0.4340915083885193,-0.2725553512573242,4,8
191,Recovered,40.54277337062016,0.9463884174739285,0.7845555710269548,0.22013330459594727,-0.2600516676902771,8,16
192,Recovered,18.090971851524724,0.6735096701258061,0.920327846485093,0.2898114323616028,0.010029408149421215,6,12
193,Recovered,63.507163283932165,0.02542027546864367,1.2610285936024477,-0.3381030261516571,0.39004698395729065,7,14
194,Recovered,30.573254062340396,0.1556517897607892,3.3886716431398964,-0.4081544578075409,-0.06319902092218399,4,8
195,Recovered,25.64946693564969,0.30639107637198115,0.750361222421339,0.7653000354766846,0.12367800623178482,5,10
196,Recovered,40.280520974735246,0.4280824727273075,0.6810297413939105,-0.16485761106014252,-0.27019163966178894,3,6
197,Recovered,30.200856621905178,0.937989470079306,1.1914117955912196,-0.15769533812999725,0.13964173197746277,6,12
198,Recovered,45.192971734425846,0.6580346373840946,0.5259044056064396,-0.18851757049560547,-0.6087727546691895,3,6
199,Recovered,36.95578994634544,0.3525110199095379,2.474229133940313,-0.11884908378124237,0.5255263447761536,9,18
200,Recovered,54.0319876433918,0.13329749082920606,0.8080967556188651,-0.04695986211299896,0.7311820387840271,4,8
201,Recovered,50.18063566137348,0.47271173786910514,0.374177266859385,-0.5561137199401855,0.09818321466445923,3,6
202,Recovered,9.552016797229818,0.5803239511874559,4.094926190377539,0.33282145857810974,-0.5206394195556641,3,6
203,Recovered,42.14803397981032,0.3831341778711589,0.4172306894478707,0.6903448104858398,0.004526384640485048,4,8
204,Recovered,47.80265474960576,0.8912833453632536,2.1505267295295387,0.44750306010246277,0.01312615629285574,6,12
205,Recovered,50.790330109278536,0.0981135783818533,0.6673647967359997,0.3514290452003479,-0.13341207802295685,5,10
206,Recovered,42.46559725693849,0.14818359750560195,2.2658324483076164,0.5228970050811768,-0.28566214442253113,3,6
207,Recovered,50.664607671675,0.20898500134834408,1.8229544609766994,0.6068059206008911,0.2724052369594574,3,6
208,Recovered,43.56471090753116,0.5354910323636869,1.9199733594428363,0.21984270215034485,0.17699387669563293,8,16
209,Recovered,53.899298194420595,0.43442391174077843,0.30791250370825096,-0.37524160742759705,-0.3319706916809082,3,6
210,Recovered,41.20172048338911,0.900123133203637,5.443101512819735,0.40174880623817444,0.26470404863357544,4,8
211,Recovered,47.333434449903265,0.4650989821641557,3.577939208420622,-0.41746675968170166,-0.4563961327075958,3,6
212,Recovered,47.58193360806661,0.2952800595712911,3.7337424697902697,0.4859190285205841,-0.3480131924152374,7,14
213,Recovered,14.003010365465524,0.7675889126024854,1.7413676312280721,0.6016408801078796,0.015663402155041695,5,10
214,Recovered,33.66441414597336,0.684922227501552,7.303890849465624,-0.31256258487701416,-0.3575472831726074,8,16
215,Recovered,35.24619902292102,0.48664187927057156,5.962478790454154,0.26770710945129395,-0.2078344076871872,4,8
216,Deceased,36.472315678640875,0.5826711160883792,1.6178023865349276,-0.005628116894513369,-0.525942862033844,4,8
217,Susceptible,31.956370551591707,0.923002770786949,3.6873720230287717,0.3016235828399658,0.47309139370918274,6,12
218,Recovered,18.221100433827985,0.36603697876806085,0.8812092061126677,-0.3485923111438751,0.31179773807525635,5,10
219,Recovered,16.831458489907362,0.2342381530695915,3.0366952062287367,0.4587724804878235,0.4301677644252777,4,8
220,Recovered,18.142165262569637,0.5338522576508109,5.567113778173066,-0.6682891845703125,0.0340968482196331,4,8
221,Recovered,53.07342456656971,0.5552100126681605,1.6622646239830272,-0.4011475443840027,0.2593069076538086,10,20
222,Recovered,28.065213668221162,0.7066743859155625,2.1627849064885014,0.426655650138855,0.3587110638618469,7,14
223,Recovered,32.17081921513002,0.2974698538812238,1.8637916334073032,0.43066343665122986,-0.24408277869224548,5,10
224,Recovered,63.90281227051958,0.2882376481224306,0.30730614682101626,0.6583628058433533,0.07659652829170227,4,8
225,Recovered,75.51756662250597,0.3686387189163489,2.387210907970652,-0.6803319454193115,-0.06788144260644913,4,8
226,Recovered,45.12422112117397,0.6643217206040481,1.2771580075438456,0.04564788192510605,0.11545483767986298,5,10
227,Recovered,46.63255364691349,0.2624824351096027,0.531715048650084,-0.3792261779308319,-0.15221893787384033,4,8
228,Recovered,67.80327900214587,0.4941471133365958,0.9395586489600742,0.5839415192604065,-0.20681855082511902,3,6
229,Recovered,35.66365421124208,0.6023683738574832,3.618329770234547,0.30543094873428345,-0.14417867362499237,3,6
230,Recovered,26.380000162823478,0.7985405251230028,2.097867430837673,0.057473573833703995,0.29903870820999146,4,8
231,Recovered,65.26509658041175,0.12116495158391305,3.357509604872327,-0.011745752766728401,0.525607168674469,5,10
232,Recovered,30.463721557727787,0.7855372729349229,0.803729964144193,0.2651316225528717,0.25779932737350464,4,8
233,Recovered,41.348274830696575,0.6192713118064169,2.173138044632898,-0.15194033086299896,0.3936985731124878,3,6
234,Recovered,38.327517393105026,0.5022573349228306,1.9710876033388862,0.08138713240623474,0.3590339422225952,4,8
235,Recovered,46.31552694764157,0.8430563244218335,1.3210244355829526,0.2231920212507248,0.11066339164972305,7,14
236,Recovered,43.36853398610278,0.40709463124366474,4.445369575330535,-0.5475969910621643,-0.16957806050777435,3,6
237,Recovered,48.696900432398635,0.2922358005691933,0.737454648079705,-0.5841354131698608,-0.036716610193252563,3,6
238,Recovered,58.39854009859196,0.9523076297569542,1.8146574075627586,-0.4672369062900543,0.3054116368293762,3,6
239,Recovered,49.369658351582984,0.5218292041010094,0.7123100375812916,0.6449721455574036,0.20780256390571594,3,6
240,Recovered,32.220556101016456,0.27688190803259694,1.2249295032282328,-0.43617546558380127,0.11159565299749374,6,12
241,Recovered,20.07435634307051,0.9277601687498295,1.3978057002188362,-0.27853265404701233,-0.26768845319747925,5,10
242,Recovered,31.469984490534763,0.8225506665976309,0.405082080108845,0.37352436780929565,0.191166952252388,7,14
243,Recovered,49.76302333102206,0.2313464409156475,0.9270156831795736,0.31182533502578735,-0.2764352262020111,4,8
244,Recovered,32.93827177030989,0.20013895242112445,1.6899157199044583,-0.40263938903808594,0.1922900378704071,4,8
245,Recovered,16.376212376760908,0.05106661975551163,2.4433063906425967,0.047858305275440216,0.40551310777664185,4,8
246,Recovered,57.13863151556485,0.7289386677326181,2.3464781418341483,0.14869701862335205,0.27102765440940857,6,12
247,Recovered,31.225722993935186,0.047097719685220474,3.937149963914135,0.569704532623291,-0.020383723080158234,3,6
248,Recovered,42.132246908191995,0.7522951513882197,2.779642661941413,-0.03590872138738632,0.35581067204475403,7,14
249,Recovered,0.15069668042699647,0.9113305153497433,1.855594178823523,0.2996622622013092,0.18393361568450928,5,10
250,Recovered,48.15459014181766,0.7300282607905874,0.31813616102639947,0.4528093934059143,0.0414239764213562,3,6
251,Recovered,29.033603161084358,0.31114116625808563,0.7220159460994323,-0.3570803701877594,-0.5587483644485474,4,8
252,Deceased,53.24329342037993,0.5937109923632101,0.2335434807562016,0.017895052209496498,0.41907569766044617,5,10
253,Recovered,17.515051599140712,0.11688794657546886,1.6225422203538151,-0.02449500933289528,0.7662175297737122,4,8
254,Recovered,74.56035758633598,0.6590933250810657,1.4306101027814782,-0.0973452776670456,-0.6645562052726746,3,6
255,Recovered,29.510036419526184,0.21637632279532348,1.2553482798797873,0.21025380492210388,0.46411120891571045,3,6
256,Recovered,32.72957725762896,0.8402796629120173,1.2645679990666212,-0.28040552139282227,-0.6785135865211487,3,6
257,Recovered,25.320079994348802,0.43260973410945425,2.6709735908775114,-0.40574753284454346,0.540393590927124,4,8
258,Recovered,30.57438798892856,0.6097964667954912,3.817896433473887,0.2810567021369934,0.5788100957870483,3,6
259,Recovered,37.09489846454381,0.009183526405890485,3.2644708154411655,-0.09504514187574387,0.29179519414901733,5,10
260,Recovered,25.089103491076663,0.47608065960883306,2.121785266243517,-0.1346324235200882,-0.4751604199409485,4,8
261,Recovered,13.627374591594009,0.3482727341964872,3.2124810369380294,0.4396195411682129,0.23401756584644318,7,14
262,Recovered,27.84459442137997,0.1595032903012299,3.032173591369002,-0.15496942400932312,-0.6951355338096619,3,6
263,Recovered,41.113729810748104,0.51792483067415,0.7046726789806169,-0.5083907246589661,-0.20416052639484406,4,8
264,Deceased,55.0846865764143,0.13439713832702427,2.00532239013929,-0.4378076195716858,-0.14664587378501892,3,6
265,Recovered,61.55997140752369,0.21070867588933917,0.4066990086521578,0.38438528776168823,-0.05190626531839371,4,8
266,Recovered,42.91374215268377,0.8394241664333021,3.7174360844403784,-0.2548252046108246,0.5511794686317444,3,6
267,Recovered,66.50989570915948,0.7731541129250684,1.2779604977891428,0.05011166259646416,0.7452167272567749,3,6
268,Recovered,39.052807974343445,0.041016405836367564,1.8821447786445242,0.3152637779712677,-0.35885265469551086,6,12
269,Recovered,28.68197988025822,0.3295113475297581,1.5320975174883393,0.08716792613267899,-0.7101635932922363,3,6
270,Susceptible,43.059304320433064,0.8710615807527474,1.5875573739126467,0.6396782994270325,-0.35323870182037354,4,8
271,Recovered,50.52107079858753,0.030371531567884302,3.532131392432305,0.4240386486053467,0.05218283459544182,4,8
272,Recovered,41.83437144441648,0.7958160233738921,0.864744637551228,0.393729031085968,-0.25832775235176086,7,14
273,Susceptible,61.3733592588177,0.9720125351777597,0.270029186637113,-0.17867520451545715,0.24908633530139923,3,6
274,Recovered,21.06642196336982,0.08616620188804147,1.121191979877285,-0.08561919629573822,0.3571319878101349,6,12
275,Recovered,35.91717785880078,0.9118809523869807,2.8799353420668647,-0.2881065011024475,-0.4661515951156616,3,6
276,Recovered,10.989329641150448,0.2322664348295923,1.0835184012982122,0.21245427429676056,-0.5278975367546082,3,6
277,Recovered,34.504246023343796,0.16529065490251793,1.689107826051322,0.46144190430641174,0.26590314507484436,4,8
278,Susceptible,61.078467287166234,0.9632496620784732,2.8458547426867393,-0.6257440447807312,-0.2506442368030548,3,6
279,Susceptible,27.867806643556783,0.9435801449295552,0.7126697602987333,-0.48599690198898315,-0.24942293763160706,4,8
280,Susceptible,41.96385839170951,0.977083936863129,2.930959656970985,-0.4781672954559326,-0.14701876044273376,5,10
281,Recovered,40.29081260937597,0.38842885235368096,0.6029530075196037,0.07706200331449509,-0.5367711782455444,3,6
282,Susceptible,26.15451731089388,0.8663617621519527,1.1460993094602334,0.2696411907672882,0.34972572326660156,3,6
283,Recovered,34.79509325091215,0.8751648970747344,0.9906816019369538,0.1862230747938156,0.5400846600532532,4,8
284,Recovered,51.87134467942095,0.6171697764916625,1.603264584986482,-0.05403272807598114,0.16510426998138428,5,10
285,Recovered,21.716923259233152,0.8866912425386262,1.7656964709452299,0.09002780169248581,0.4701797068119049,3,6
286,Recovered,65.91085089095088,0.7238290919068737,1.1084456075595885,0.509432852268219,0.3208981454372406,4,8
287,Recovered,35.20458931545643,0.23482341162338138,1.0229289223954612,-0.31512489914894104,0.48744282126426697,4,8
288,Recovered,24.335981490999608,0.08767609105657015,2.1434231441271887,-0.6293593645095825,0.24410034716129303,3,6
289,Recovered,52.29535417192025,0.647369816930258,0.5011208276509854,-0.0693710446357727,0.3727341294288635,8,16
290,Recovered,45.94197051406201,0.9101545289914782,2.9030978737094677,-0.6384575963020325,0.14725598692893982,3,6
291,Recovered,46.95826166329572,0.6011039115158184,2.7261743653023798,-0.0758705586194992,-0.4742063283920288,5,10
292,Recovered,40.54636920276529,0.5043895264788262,2.029225481693444,0.0850299522280693,-0.3158303499221802,4,8
293,Recovered,25.098878984766564,0.6716216706900193,1.6152211216682404,-0.3091631829738617,0.40435248613357544,6,12
294,Recovered,41.31486936900633,0.9164908727260715,1.7904773090619794,0.4500654935836792,-0.20256075263023376,3,6
295,Recovered,30.75156110032097,0.8581067531620972,3.5385463685582685,0.2524751126766205,0.6613858938217163,3,6
296,Recovered,39.66552318062839,0.11343449346012213,2.049471827258396,0.5336350798606873,0.05790666118264198,4,8
297,Recovered,67.02548705260364,0.941322801569615,0.926187347525699,0.3147796094417572,0.3903806507587433,3,6
298,Recovered,51.9934872167468,0.7048075724708395,1.974378980863075,-0.017273062840104103,-0.3686637878417969,3,6
299,Recovered,34.23888998747586,0.8057175288350914,0.6991496275407098,-0.5520362854003906,-0.4291076362133026,4,8
300,Recovered,23.376801613920023,0.13849512408237208,1.3348050139913314,-0.5042759776115417,0.07228950411081314,3,6
301,Recovered,39.17091807922497,0.4252395979549145,0.7557903801040605,-0.5765653252601624,0.4912949204444885,3,6
302,Recovered,53.110664338887844,0.05609220334018605,1.2993705987943618,0.43578723073005676,-0.38075143098831177,3,6
303,Recovered,27.417783566671048,0.07015407380547156,1.410837021721619,0.06973139196634293,-0.02063750848174095,4,8
304,Recovered,59.80972844876794,0.3869441511923568,4.939560277484137,-0.4505251944065094,0.20219387114048004,4,8
305,Recovered,24.45092048572061,0.7216423073125349,0.8125496169495745,-0.4783315360546112,-0.5569127798080444,3,6
306,Recovered,38.93200437347851,0.8510716492995116,0.7570373677251632,0.433428555727005,-0.5040664076805115,3,6
307,Recovered,38.16338616525056,0.39380995756279735,2.0109198150099803,-0.150305837392807,0.41472598910331726,7,14
308,Recovered,34.87928301927591,0.42769203981313064,0.5984414376200206,0.3852056562900543,-0.5586295127868652,5,10
309,Deceased,57.79923139563465,0.7755274394751732,1.8216242764949753,-0.4188835024833679,0.3518070876598358,7,14
310,Recovered,51.28763362353945,0.3169522909769419,1.236215094098553,0.6017025113105774,-0.27364036440849304,4,8
311,Recovered,22.560391462520172,0.4778223779821631,0.6504441507545128,-0.46400782465934753,-0.06759712845087051,3,6
312,Recovered,60.05948122807754,0.5898612451295526,1.3243479338554998,-0.5219605565071106,-0.3138813376426697,4,8
313,Deceased,33.37972330794884,0.5489301381039456,6.089868706777196,-0.07751631736755371,0.4892692267894745,5,10
314,Recovered,17.22768760835521,0.5675225074095204,2.547000363882014,-0.4664430320262909,0.2603798806667328,7,14
315,Recovered,51.41691705572477,0.11664560329663343,0.663586741289496,0.2702900469303131,-0.5560500621795654,3,6
316,Recovered,40.93790634019346,0.7641464187667589,1.8596925629641219,0.07522817701101303,-0.5867220759391785,5,10
317,Recovered,53.65869827255939,0.2143642038577166,1.3461067379197857,0.03631056472659111,0.8153628706932068,3,6
318,Recovered,35.163939719380494,0.7715276348741352,1.1939851750826584,0.015521158464252949,-0.5927545428276062,3,6
319,Recovered,30.199352832394794,0.5280571836144955,5.222692736029148,0.2377893179655075,0.3143250346183777,3,6
320,Recovered,34.189664400562336,0.05020680697674895,1.5174324598558033,0.3706338107585907,0.42338117957115173,3,6
321,Recovered,34.20203416579617,0.10778564264725232,1.0289692574215705,0.3467761278152466,-0.44141829013824463,4,8
322,Recovered,25.410562972662586,0.6853594679233606,1.3935698728819232,-0.4412434697151184,0.31387925148010254,3,6
323,Recovered,33.14976883180077,0.11056041526658433,0.8580868781955688,-0.3121738135814667,0.3308602571487427,3,6
324,Recovered,51.64992948237904,0.3688226383441512,2.407738693893928,-0.3684035837650299,-0.04320874437689781,5,10
325,Recovered,35.5960871516137,0.11142505565857175,0.49195761124288223,0.0899011492729187,0.842941403388977,3,6
326,Recovered,63.92265180511334,0.04160041925386515,0.16352077972179924,-0.007030888460576534,0.7122893929481506,3,6
327,Recovered,28.704023712588242,0.4255924768934961,1.2551346070917309,0.13453905284404755,-0.7604393362998962,4,8
328,Recovered,52.107136884286845,0.8241564154249773,1.1277109277670003,0.6404581665992737,-0.2329457700252533,4,8
329,Susceptible,52.46156689021845,0.9958416111455441,1.706625148118498,0.10292608290910721,-0.4066479504108429,3,6
330,Recovered,46.11161320856676,0.08897080228854237,1.0191303622133294,-0.7049875259399414,-0.20085550844669342,4,8
331,Recovered,35.6560969538121,0.4414357313403786,0.8431244647052762,0.554792046546936,-0.42683911323547363,4,8
332,Recovered,35.56516395469494,0.7993664103803726,0.6517576145109213,-0.22196610271930695,-0.2734984755516052,4,8
333,Recovered,33.98757118310904,0.2929170874447532,1.481262630087417,0.40612897276878357,-0.5049248933792114,5,10
334,Recovered,60.13328276896739,0.5515229481900104,0.7042756235888661,0.3072514533996582,0.36082541942596436,4,8
335,Recovered,36.342995854234665,0.5938075443034728,1.1192424977840896,0.02972343936562538,0.4449940025806427,5,10
336,Susceptible,35.82220264354541,0.9020118475964022,2.6040379774761537,-0.3569706380367279,0.1732254922389984,5,10
337,Recovered,42.70776642129906,0.31734554039951524,2.5005021085556987,0.08072928339242935,0.5846038460731506,3,6
338,Recovered,61.242802718336954,0.8457369114152112,2.474236574652189,-0.0953792855143547,0.5357295274734497,5,10
339,Recovered,36.30409854004567,0.655163915247223,0.3040336997387496,0.5094543099403381,0.6244434714317322,4,8
340,Recovered,31.922380166520654,0.6461753310499931,1.706913087356606,0.36286795139312744,0.12506230175495148,4,8
341,Recovered,36.21585335867769,0.7174352655095034,0.9259630290848402,0.07161138951778412,-0.47744452953338623,3,6
342,Recovered,39.93524969193019,0.34465803571566067,4.6716590297705975,0.37841176986694336,0.25275060534477234,4,8
343,Recovered,7.6300227989999385,0.48945747703218223,2.2832395818016353,-0.20451384782791138,-0.6458305716514587,3,6
344,Recovered,37.354691199300575,0.2068435803882428,0.9819603147857041,0.6180296540260315,0.36636850237846375,3,6
345,Recovered,48.214303870222984,0.2121924557782967,1.3134730768413647,-0.7926757335662842,0.23919640481472015,5,10
346,Recovered,30.81590235791252,0.5564591095282266,2.9192896956844208,-0.26465263962745667,-0.4449572265148163,5,10
347,Recovered,39.31399484063278,0.1998575353494394,1.7144388915105728,-0.08740432560443878,-0.538232147693634,3,6
348,Recovered,44.68849177004712,0.4792345088856641,1.0788643796383375,-0.6919732689857483,0.15529458224773407,3,6
349,Recovered,54.98822892907647,0.33678728252552603,1.4505485091127588,-0.512367308139801,0.34059426188468933,3,6
350,Recovered,46.54281429134006,0.28342578182638134,1.2726592447997451,-0.22275276482105255,-0.38967975974082947,3,6
351,Recovered,51.990843271577766,0.10025974024356055,2.9435559096067525,-0.21807093918323517,0.13140644133090973,3,6
352,Recovered,33.86139056500968,0.8899583595984809,3.5816149828865447,0.24952098727226257,0.4958854913711548,5,10
353,Recovered,41.012272211467256,0.20453951270645254,3.256353047011214,0.5345022678375244,0.02041814476251602,3,6
354,Recovered,29.664204631365983,0.15338790953710368,0.38458116919202323,-0.5760794878005981,0.04410130903124809,3,6
355,Recovered,78.20183361508634,0.11102845350471902,6.323370713604529,0.057044800370931625,0.5171657204627991,3,6
356,Recovered,33.080748319522016,0.05341306237732324,2.0653324422327914,-0.23006069660186768,-0.3229829967021942,6,12
357,Recovered,62.6566791585515,0.7501480109112584,2.411361714434409,0.1522476077079773,-0.37414929270744324,4,8
358,Recovered,64.65586998918894,0.4255654220474725,0.6189543747773006,0.004092935938388109,-0.6933082938194275,3,6
359,Recovered,15.923983323090908,0.216047371434539,1.5855730899483418,0.5518884062767029,-0.33848080039024353,3,6
360,Recovered,38.66163433588185,0.26373406384066755,0.7518597413868742,0.6509994268417358,0.3156655728816986,3,6
361,Recovered,13.818022257030144,0.30206196803768526,3.0466544839683025,-0.016421638429164886,-0.7652050256729126,3,6
362,Recovered,39.388717752172724,0.2105751224738419,2.6445672794454573,-0.24452845752239227,-0.27596741914749146,3,6
363,Recovered,31.739859722996204,0.8866462332465689,0.23374424689377932,-0.3026271462440491,0.0369870625436306,3,6
364,Recovered,26.288756427368973,0.607162646839059,1.3365409282928842,0.3532351553440094,-0.7720226645469666,3,6
365,Recovered,46.720950084502704,0.3852066966364095,5.677416319005401,-0.6613483428955078,0.28805798292160034,5,10
366,Recovered,24.340266028618828,0.24822239558097747,1.1902828748391925,0.6403151750564575,-0.03949252888560295,4,8
367,Recovered,14.705447226597173,0.8501224560288941,2.767187031607691,-0.20559723675251007,-0.5676906704902649,3,6
368,Recovered,40.98428654151062,0.40554383153970364,4.266243695092652,0.3995154798030853,0.4198189377784729,3,6
369,Recovered,29.60767065339664,0.17014953439592373,1.5241919888172635,-0.5921228528022766,0.13816820085048676,3,6
370,Recovered,45.365840241823925,0.46472453817699155,1.2905681782401788,0.04206899181008339,-0.7989394068717957,3,6
371,Recovered,-1.797364962825604,0.4942467929899561,1.2856233809483462,-0.19084276258945465,-0.8295689821243286,3,6
372,Recovered,26.068866968354406,0.5626003975620113,1.6253219873687184,-0.040760912001132965,-0.507806122303009,3,6
373,Recovered,45.055105166799834,0.048011822207170485,1.5009763115301447,0.7545074224472046,-0.28763508796691895,3,6
374,Recovered,35.19145015379675,0.014007015607323314,4.22802929323321,0.10432861000299454,-0.09048637747764587,4,8
375,Recovered,48.98296061637029,0.711614764705531,1.6838094043586191,0.2950865924358368,0.3000186085700989,4,8
376,Recovered,17.60481765851885,0.1444074929776481,1.2589089980588277,0.418308824300766,0.5832244157791138,4,8
377,Recovered,9.170335252076192,0.3410577488503269,2.6602480478459074,-0.584667980670929,-0.19966663420200348,3,6
378,Recovered,12.429553676902152,0.15388926937120528,3.6758270796473913,0.5694514513015747,0.17761094868183136,4,8
379,Recovered,48.14970571165913,0.6442612661411312,2.0713625197406556,0.1528237760066986,-0.0791911631822586,4,8
380,Recovered,17.547391009899474,0.48568572879647,0.25551984542430384,-0.7861502170562744,-0.11658097803592682,3,6
381,Recovered,44.08767821704511,0.08340731903586418,1.144299923995715,0.49673163890838623,0.03711407631635666,4,8
382,Recovered,53.02173812461232,0.6951462179384584,1.213290199843209,-0.4149380326271057,-0.4363866150379181,3,6
383,Recovered,59.82859906577027,0.7138892740068058,0.26920176699889825,0.23148152232170105,0.707283616065979,4,8
384,Recovered,32.32169880543552,0.23527827071785123,2.2518480347863177,-0.4033271372318268,0.44295328855514526,3,6
385,Recovered,70.44646291163129,0.12801116859299044,0.4916720274919503,-0.2801182270050049,-0.4155322015285492,3,6
386,Susceptible,39.63266326847824,0.9648839957556489,0.6047795689588853,0.2661653459072113,-0.7735687494277954,3,6
387,Recovered,45.966426806377605,0.36873684185170374,2.0569861739081654,0.6200571656227112,-0.38264861702919006,4,8
388,Recovered,12.946965800377296,0.1786450863729251,0.6870317701015717,-0.2911745011806488,0.2342492938041687,4,8
389,Recovered,30.760360328039237,0.22490518494746048,0.45303204944616565,0.03970373421907425,-0.42762601375579834,4,8
390,Recovered,35.61989442205353,0.08135769720187236,1.0866071710186633,0.5270119905471802,-0.5511560440063477,3,6
391,Recovered,27.930697377799,0.43692026550260465,2.2155712844820994,0.1080818921327591,0.7497457265853882,3,6
392,Recovered,40.774634967322186,0.07886258520774347,8.741600614630473,0.7075408697128296,0.2155674546957016,3,6
393,Recovered,44.55111637325003,0.7772290444270376,0.9387880599938541,-0.49482446908950806,0.4166472554206848,3,6
394,Recovered,35.320616052230356,0.3150886246387886,0.042406228758596676,0.39419713616371155,-0.00609023030847311,3,6
395,Recovered,44.72481357203383,0.1937807587571142,2.3965592832527722,-0.46094968914985657,-0.03948401287198067,4,8
396,Recovered,21.22112292930978,0.6947329677615255,1.5361986263817446,-0.18784688413143158,0.5595093965530396,4,8
397,Recovered,43.890379801865166,0.5594509956536574,0.6773022283948925,-0.1240396723151207,0.3118586838245392,4,8
398,Recovered,52.636616671859805,0.20812741923532263,1.6544780958602703,-0.4951270520687103,-0.03014831431210041,4,8
399,Deceased,65.77554824791304,0.4785251803356181,1.2955285083415322,0.009263437241315842,0.6568318009376526,4,8
400,Recovered,34.01239425818151,0.2125391297449074,2.66580315181577,-0.31279104948043823,-0.5954089164733887,3,6
401,Recovered,27.0295478214053,0.43306005603720565,0.4477940003494167,-0.03933451324701309,0.6879839897155762,3,6
402,Recovered,51.271956028766446,0.4196124580619649,2.628371492873934,0.4270268678665161,0.13107721507549286,3,6
403,Recovered,36.586695990795675,0.6676346767866761,0.9490352556279508,-0.44029808044433594,0.42057791352272034,3,6
404,Recovered,31.52947816785167,0.56821518295911,5.31219804314735,-1.0,0.04702450707554817,3,6
405,Deceased,51.0020136588778,0.14498234057825787,0.21736027721743925,0.7606209516525269,-0.025470569729804993,4,8
406,Recovered,53.93234189166041,0.11423129790509035,0.4296888686851549,-0.0638914704322815,0.4600159823894501,3,6
407,Recovered,30.665157326314606,0.8525563221253346,0.3231244537893951,-0.47520139813423157,-0.4029049277305603,3,6
408,Recovered,58.79836703118561,0.7973661397634352,0.9596999383411444,0.46972551941871643,0.6366629004478455,3,6
409,Recovered,13.022588699815223,0.6290212709165303,4.4930471267551635,-0.8607714176177979,-0.23229625821113586,4,8
410,Recovered,31.64585259281708,0.7816361383357283,2.076470470762221,0.026756463572382927,0.056170228868722916,3,6
411,Recovered,24.401411463920226,0.5642616858078501,1.2749302597191754,-0.30315330624580383,0.43626219034194946,3,6
412,Recovered,17.87676073315179,0.37732949001736615,1.2882693339217497,-0.9038113355636597,-0.20565912127494812,3,6
413,Recovered,52.88345504341997,0.5770551073688306,0.5388402163180974,-0.4076438248157501,-0.3644651174545288,3,6
414,Susceptible,32.004100675389765,0.9538580685986491,0.91877863646067,0.41133299469947815,-0.40391430258750916,6,12
415,Recovered,25.316359496571778,0.7996207736549182,1.0399928972157766,0.19830889999866486,-0.45462438464164734,3,6
416,Recovered,28.40231885366968,0.43570801137658155,3.6428249967405053,-0.6110374331474304,0.33254608511924744,3,6
417,Recovered,41.113819025884865,0.6189919542686916,0.505654353712219,-0.03787902742624283,0.47383296489715576,4,8
418,Recovered,37.2380072867276,0.48674059560303595,1.1738653979774725,0.14833636581897736,-0.5926804542541504,5,10
419,Recovered,23.22040865310346,0.15822283756591615,3.8275558164353027,0.719713032245636,0.10956213623285294,4,8
420,Susceptible,40.894202190003625,0.7371940778226096,0.7037346449820209,0.4624306559562683,0.2853090465068817,3,6
421,Susceptible,35.69565692242023,0.9738978229441976,0.4328657632902838,-0.43705621361732483,0.3850195109844208,4,8
422,Recovered,21.36431804986312,0.37564202179030637,5.861273846424676,0.23052982985973358,0.5358481407165527,3,6
423,Recovered,63.192279563758305,0.6190598079076718,1.3118292520894694,0.4699588119983673,0.3240751326084137,3,6
424,Susceptible,58.99642874401725,0.8870174908793914,2.0290277624199633,0.23740912973880768,0.027687346562743187,3,6
425,Recovered,37.305417466368,0.781127978608257,0.5174952104729484,-0.3997310400009155,-0.25083643198013306,3,6
426,Recovered,59.0454952492331,0.4481609194333104,2.2804196000803874,-0.3439575135707855,-0.2736280560493469,3,6
427,Recovered,60.33435638420296,0.4806634468402845,1.273056686409951,-0.6013935208320618,0.569682240486145,3,6
428,Recovered,23.938701009293183,0.5851079337460242,0.3632206403337766,0.2513534724712372,0.366202175617218,3,6
429,Susceptible,15.379343085955561,0.99836345855171,0.36164574896956425,0.17104756832122803,-0.640317440032959,5,10
430,Recovered,76.91167753499042,0.2380411955554802,1.6038090568475631,-0.5391274690628052,0.4384208917617798,3,6
431,Recovered,10.267891799207536,0.6577006317889467,1.9470875944902166,0.4107866883277893,0.13320836424827576,3,6
432,Recovered,47.097992835326046,0.9015390850224865,1.4928718593012986,-0.36472147703170776,0.37869900465011597,3,6
433,Recovered,23.84778609297899,0.9222042779134408,0.9323813322548129,-0.5721877813339233,0.27148041129112244,3,6
434,Recovered,35.713143310353026,0.43978442577131516,0.30066883224359175,0.156051367521286,0.29599472880363464,3,6
435,Recovered,30.708124430305745,0.8162684248270545,1.279937247752403,0.5743700265884399,0.7952199578285217,3,6
436,Recovered,34.28565632820927,0.3100678068561672,1.15059507388555,0.3326769173145294,0.5876666307449341,3,6
437,Recovered,22.14846625852295,0.7391563887475251,1.673475033743057,0.28651824593544006,-0.4999775290489197,3,6
438,Recovered,49.14800099200741,0.07134216280183348,0.47153810198421764,0.3771303594112396,0.33391010761260986,3,6
439,Recovered,32.209033376059416,0.5322271439073702,2.398911721060941,-0.5984545350074768,-0.09218718856573105,4,8
440,Susceptible,29.823626328817543,0.9397249792080136,2.6863929168221414,0.20032982528209686,0.6967765092849731,3,6
441,Recovered,40.766040439142145,0.7647441352655129,0.6356752207409471,-0.16122691333293915,0.6365370750427246,3,6
442,Recovered,68.09522094551109,0.42447003526149896,7.39451441014388,-0.49556833505630493,-0.6330370903015137,3,6
443,Recovered,30.078436726133283,0.7740122469768872,1.960902962695765,-0.1957363337278366,0.48503389954566956,3,6
444,Recovered,41.19042624024341,0.8517485667759502,1.6762351704349059,0.3054741322994232,-0.05425640940666199,3,6
445,Recovered,50.99186962578996,0.9192887691649367,3.5054417984503092,-0.7020488977432251,0.24851088225841522,4,8
446,Susceptible,80.34558804514631,0.9459123811913098,1.4663161741513606,0.27092474699020386,-0.4366846978664398,3,6
447,Recovered,53.40169499207457,0.32559344571110627,2.285696431648315,-0.5400434136390686,0.05241971090435982,4,8
448,Recovered,55.64391076259911,0.8511313643850261,0.2811649437476526,0.5613077878952026,-0.13892661035060883,4,8
449,Recovered,49.21799707026799,0.309678980697929,2.1339266262122276,-0.18433204293251038,-0.8738250732421875,3,6
450,Recovered,28.80586562801095,0.49957475754077674,2.534685494571253,-0.5113901495933533,0.15522585809230804,3,6
451,Recovered,31.517846816043303,0.6575240546167919,1.5983574471135586,0.355056494474411,0.5788783431053162,3,6
452,Recovered,22.956614012217653,0.5929371220719356,0.9988098024598774,-0.1361648440361023,-0.597744345664978,3,6
453,Recovered,30.405555188741815,0.852447930842345,1.9857554139110027,-0.002636433346197009,-0.4957506060600281,3,6
454,Recovered,53.3095841515881,0.8384701177043914,4.472862548538851,0.4032699465751648,0.5530299544334412,3,6
455,Recovered,50.60642529516265,0.517084620293391,2.9315857028159327,-0.3222173750400543,-0.7300793528556824,3,6
456,Recovered,37.805325577241206,0.1255387374758229,5.6326224011405,-0.2933230996131897,-0.5817584991455078,3,6
457,Recovered,53.19863860795472,0.2984438122948553,1.432176203844344,0.8328619003295898,-0.2347118854522705,4,8
458,Recovered,32.10565195370327,0.9364860547234939,1.9671036945164821,-0.4351753890514374,0.4775892496109009,3,6
459,Recovered,58.88149415211626,0.007989581339240992,0.9300911820334561,0.034587983042001724,-0.3721115291118622,3,6
460,Recovered,26.924064934382248,0.3296670030782537,2.434583745179892,0.18702653050422668,0.5786059498786926,3,6
461,Recovered,22.678966260165332,0.05010839869505179,0.7472176435823525,0.5614909529685974,-0.2995014190673828,3,6
462,Recovered,30.807013996282063,0.695468645469595,2.4743268405310217,-0.6089233756065369,-0.3326416015625,3,6
463,Recovered,26.24414193619289,0.38583998239949635,3.9478226972095016,-0.7249157428741455,0.15086665749549866,3,6
464,Recovered,36.36433688991638,0.8986976455175578,0.6647032960535425,0.4401349127292633,0.18055838346481323,3,6
465,Recovered,26.632080083821833,0.28944906658362246,0.36930339682594976,-0.3098149597644806,-0.300178587436676,3,6
466,Recovered,38.314451403838895,0.02036052914340647,1.444996404975421,0.5821234583854675,-0.339126855134964,4,8
467,Recovered,25.36683325999335,0.3065023105299919,1.5490153686803876,0.10266581922769547,0.795893669128418,4,8
468,Recovered,13.448920025651585,0.37470371122865953,1.886146542227136,-0.5041724443435669,0.5970276594161987,3,6
469,Recovered,25.96201727242206,0.8115235306194567,1.9275803163940108,0.39061644673347473,-0.09329809993505478,3,6
470,Recovered,23.759049465539963,0.1807125883709162,0.9310554580736793,0.38564595580101013,-0.30344781279563904,3,6
471,Recovered,25.90590012277726,0.17385226597607328,1.5441004015019952,0.5557324886322021,0.2642877399921417,3,6
472,Recovered,44.339802087524205,0.4146263257024416,1.8025975967473744,0.38598117232322693,-0.42632806301116943,4,8
473,Recovered,37.751997888187766,0.5407623162965548,1.972523490346365,0.22828331589698792,-0.5749725699424744,3,6
474,Recovered,24.024624560466634,0.8701199208699308,5.61256404130864,0.651214599609375,-0.42608800530433655,3,6
475,Recovered,20.695780776239907,0.1956105023153416,1.1292143521710007,0.30691659450531006,-0.6652799844741821,3,6
476,Recovered,39.228079972573084,0.8930786463866897,5.144890114801225,-0.35815995931625366,-0.5048683881759644,3,6
477,Recovered,52.15811841550149,0.7108184942583713,3.062265009275035,-0.35607823729515076,0.7279096245765686,3,6
478,Recovered,56.64725199675172,0.16964427343785304,3.404814250860989,-0.8036321997642517,0.08273329585790634,3,6
479,Recovered,41.16564000764322,0.6605548884153191,3.6340511137349196,-0.5258359909057617,-0.08386632800102234,3,6
480,Recovered,47.901486669534414,0.3958592764471148,0.434601068917842,0.18279626965522766,-0.6385746598243713,3,6
481,Recovered,60.32570917867502,0.4365900767946552,0.40138120754719697,0.5336395502090454,0.2931114733219147,3,6
482,Recovered,55.8837001675808,0.038236611024000555,0.705278384199922,0.45299720764160156,0.45787572860717773,3,6
483,Recovered,41.4465200917929,0.10379892121249557,1.16711717512955,0.02215343900024891,0.6940553784370422,3,6
484,Recovered,54.91905475351966,0.8568600737583877,0.9308481381128242,0.7449588775634766,0.260233074426651,3,6
485,Recovered,38.775913648479424,0.04157364499756033,3.069797085697807,0.34844058752059937,-0.340250164270401,3,6
486,Recovered,20.89323107915513,0.6154675960525822,1.5459707095396036,-0.07671220600605011,0.643374502658844,3,6
487,Recovered,47.247922275926626,0.5651476778826059,0.6060764321488097,-0.1594754308462143,0.7352626323699951,3,6
488,Recovered,17.162393062080714,0.8483270294783986,1.6484461492522382,0.5366451144218445,-0.19000351428985596,3,6
489,Susceptible,46.81176522160643,0.9888781186787352,1.6294397822574562,-0.6136308312416077,-0.16522306203842163,3,6
490,Recovered,54.084018321840524,0.2001710761859964,4.028499656559492,0.5242180824279785,0.4030126929283142,3,6
491,Recovered,31.60500081166613,0.00838057406009085,1.0852208280623878,-0.5078110694885254,-0.1199481189250946,3,6
492,Recovered,71.19664238931075,0.39880189986712977,1.0139990731174935,-0.4053456783294678,0.2581874430179596,3,6
493,Recovered,30.960631969031404,0.8796781484844863,2.316356512810633,-0.290163516998291,0.5624924302101135,3,6
494,Susceptible,60.21920661292608,0.9916298150251659,4.015617041546721,0.5480198860168457,-0.687937319278717,3,6
495,Recovered,37.36556781844133,0.752265023028329,0.6072421613976731,0.5856763124465942,-0.07681139558553696,3,6
496,Recovered,69.77368499822825,0.48096327522519555,5.774268362486357,0.25001487135887146,0.5788602232933044,3,6
497,Recovered,37.4087395055304,0.25329637399132443,2.7331680673917065,-0.07070251554250717,-0.5955690741539001,3,6
498,Susceptible,41.36497484761293,0.9946246245907948,2.0771814975217318,-0.7157819867134094,-0.3208586871623993,3,6
499,Recovered,61.0973624933233,0.5567237409577018,1.3805122989872214,-0.6767206788063049,0.06798943877220154,3,6
